{"cameraMode":{"drawMode":0,"name":"Shaded","section":"Shading Mode"},"sceneLighting":false,"audioPlay":false,"sceneViewState":{"m_AlwaysRefresh":false,"showFog":true,"showSkybox":false,"showFlares":true,"showImageEffects":true,"showParticleSystems":true,"showVisualEffectGraphs":true,"m_FxEnabled":true},"in2DMode":false,"pivot":{"x":-0.08462601900100708,"y":0.01883728802204132,"z":-0.013709351420402527},"rotation":{"x":0.24169987440109254,"y":-0.6435139179229736,"z":0.22552496194839478,"w":0.6904295682907105},"size":0.14226438105106355,"orthographic":false}