{"cameraMode":{"drawMode":0,"name":"Shaded","section":"Shading Mode"},"sceneLighting":false,"audioPlay":false,"sceneViewState":{"m_AlwaysRefresh":false,"showFog":true,"showSkybox":false,"showFlares":true,"showImageEffects":true,"showParticleSystems":true,"showVisualEffectGraphs":true,"m_FxEnabled":true},"in2DMode":false,"pivot":{"x":0.21825258433818818,"y":0.32936015725135805,"z":-0.0774187445640564},"rotation":{"x":0.3225956857204437,"y":0.6503445506095886,"z":-0.5879058241844177,"w":0.35691577196121218},"size":0.45226985216140749,"orthographic":true}