{"cameraMode":{"drawMode":0,"name":"Shaded","section":"Shading Mode"},"sceneLighting":false,"audioPlay":false,"sceneViewState":{"m_AlwaysRefresh":false,"showFog":true,"showSkybox":false,"showFlares":true,"showImageEffects":true,"showParticleSystems":true,"showVisualEffectGraphs":true,"m_FxEnabled":true},"in2DMode":false,"pivot":{"x":-1.4703495502471924,"y":0.7723761200904846,"z":-0.31850945949554446},"rotation":{"x":0.040135886520147327,"y":-0.862615704536438,"z":0.06957310438156128,"w":0.4996452331542969},"size":4.063986301422119,"orthographic":false}